,Nationality,Continent,Vehicle Name,Vehicle Type,Wheel drive type,Retail Price,Dealer Cost,Engine Size (l),Cyl,HP,City MPG,Hwy MPG,Weight,Wheel Base,Len,Width,Combined MPG
0,JPN,Asia,Acura 3.5 RL 4dr,Sedan,NA,43755,39014,3.5,6,225,18,18,3880,115,197,72,18.0
1,JPN,Asia,Acura 3.5 RL w/Navigation 4dr,Sedan,NA,46100,41100,3.5,6,225,18,18,3893,115,197,72,18.0
2,JPN,Asia,Acura MDX,SUV,AWD,36945,33337,3.5,6,265,17,17,4451,106,189,77,17.0
3,JPN,Asia,Acura NSX coupe 2dr manual S,Sports Car,RWD,89765,79978,3.2,6,290,17,17,3153,100,174,71,17.0
4,JPN,Asia,Acura RSX Type S 2dr,Sedan,NA,23820,21761,2.0,4,200,24,24,2778,101,172,68,24.0
5,JPN,Asia,Acura TL 4dr,Sedan,NA,33195,30299,3.2,6,270,20,20,3575,108,186,72,20.0
6,JPN,Asia,Acura TSX 4dr,Sedan,NA,26990,24647,2.4,4,200,22,22,3230,105,183,69,22.0
7,GER,Europe,Audi A4 1.8T 4dr,Sedan,NA,25940,23508,1.8,4,170,22,22,3252,104,179,70,22.0
8,GER,Europe,Audi A4 3.0 4dr,Sedan,NA,31840,28846,3.0,6,220,20,20,3462,104,179,70,20.0
9,GER,Europe,Audi A4 3.0 convertible 2dr,Sedan,NA,42490,38325,3.0,6,220,20,20,3814,105,180,70,20.0
10,GER,Europe,Audi A4 3.0 Quattro 4dr auto,Sedan,AWD,34480,31388,3.0,6,220,18,18,3627,104,179,70,18.0
11,GER,Europe,Audi A4 3.0 Quattro 4dr manual,Sedan,AWD,33430,30366,3.0,6,220,17,17,3583,104,179,70,17.0
12,GER,Europe,Audi A4 3.0 Quattro convertible 2dr,Sedan,AWD,44240,40075,3.0,6,220,18,18,4013,105,180,70,18.0
13,GER,Europe,Audi A41.8T convertible 2dr,Sedan,NA,35940,32506,1.8,4,170,23,23,3638,105,180,70,23.0
14,GER,Europe,Audi A6 2.7 Turbo Quattro 4dr,Sedan,AWD,42840,38840,2.7,6,250,18,18,3836,109,192,71,18.0
15,GER,Europe,Audi A6 3.0 4dr,Sedan,NA,36640,33129,3.0,6,220,20,20,3561,109,192,71,20.0
16,GER,Europe,Audi A6 3.0 Avant Quattro,Wagon,AWD,40840,37060,3.0,6,220,18,18,4035,109,192,71,18.0
17,GER,Europe,Audi A6 3.0 Quattro 4dr,Sedan,AWD,39640,35992,3.0,6,220,18,18,3880,109,192,71,18.0
18,GER,Europe,Audi A6 4.2 Quattro 4dr,Sedan,AWD,49690,44936,4.2,8,300,17,17,4024,109,193,71,17.0
19,GER,Europe,Audi A8 L Quattro 4dr,Sedan,AWD,69190,64740,4.2,8,330,17,17,4399,121,204,75,17.0
20,GER,Europe,Audi RS 6 4dr,Sports Car,NA,84600,76417,4.2,8,450,15,15,4024,109,191,78,15.0
21,GER,Europe,Audi S4 Avant Quattro,Wagon,AWD,49090,44446,4.2,8,340,15,15,3936,104,179,70,15.0
22,GER,Europe,Audi S4 Quattro 4dr,Sedan,AWD,48040,43556,4.2,8,340,14,14,3825,104,179,70,14.0
23,GER,Europe,Audi TT 1.8 convertible 2dr (coupe),Sports Car,NA,35940,32512,1.8,4,180,20,20,3131,95,159,73,20.0
24,GER,Europe,Audi TT 1.8 Quattro 2dr (convertible),Sports Car,AWD,37390,33891,1.8,4,225,20,20,2921,96,159,73,20.0
25,GER,Europe,Audi TT 3.2 coupe 2dr (convertible),Sports Car,AWD,40590,36739,3.2,6,250,21,21,3351,96,159,73,21.0
26,GER,Europe,BMW 325Ci 2dr,Sedan,RWD,30795,28245,2.5,6,184,20,20,3197,107,177,69,20.0
27,GER,Europe,BMW 325Ci convertible 2dr,Sedan,RWD,37995,34800,2.5,6,184,19,19,3560,107,177,69,19.0
28,GER,Europe,BMW 325i 4dr,Sedan,RWD,28495,26155,2.5,6,184,20,20,3219,107,176,69,20.0
29,GER,Europe,BMW 325xi 4dr,Sedan,AWD,30245,27745,2.5,6,184,19,19,3461,107,176,69,19.0
30,GER,Europe,BMW 325xi Sport,Wagon,AWD,32845,30110,2.5,6,184,19,19,3594,107,176,69,19.0
31,GER,Europe,BMW 330Ci 2dr,Sedan,RWD,36995,33890,3.0,6,225,20,20,3285,107,176,69,20.0
32,GER,Europe,BMW 330Ci convertible 2dr,Sedan,RWD,44295,40530,3.0,6,225,19,19,3616,107,177,69,19.0
33,GER,Europe,BMW 330i 4dr,Sedan,RWD,35495,32525,3.0,6,225,20,20,3285,107,176,69,20.0
34,GER,Europe,BMW 330xi 4dr,Sedan,AWD,37245,34115,3.0,6,225,20,20,3483,107,176,69,20.0
35,GER,Europe,BMW 525i 4dr,Sedan,RWD,39995,36620,2.5,6,184,19,19,3428,114,191,73,19.0
36,GER,Europe,BMW 530i 4dr,Sedan,RWD,44995,41170,3.0,6,225,20,20,3472,114,191,73,20.0
37,GER,Europe,BMW 545iA 4dr,Sedan,RWD,54995,50270,4.4,8,325,18,18,3814,114,191,73,18.0
38,GER,Europe,BMW 745i 4dr,Sedan,RWD,69195,63190,4.4,8,325,18,18,4376,118,198,75,18.0
39,GER,Europe,BMW 745Li 4dr,Sedan,RWD,73195,66830,4.4,8,325,18,18,4464,123,204,75,18.0
40,GER,Europe,BMW M3 convertible 2dr,Sports Car,RWD,56595,51815,3.2,6,333,16,16,3781,108,177,70,16.0
41,GER,Europe,BMW M3 coupe 2dr,Sports Car,RWD,48195,44170,3.2,6,333,16,16,3415,108,177,70,16.0
42,GER,Europe,BMW X3 3.0i,SUV,AWD,37000,33873,3.0,6,225,16,16,4023,110,180,73,16.0
43,GER,Europe,BMW X5 4.4i,SUV,AWD,52195,47720,4.4,8,325,16,16,4824,111,184,74,16.0
44,GER,Europe,BMW Z4 convertible 2.5i 2dr,Sports Car,RWD,33895,31065,2.5,6,184,20,20,2932,98,161,70,20.0
45,GER,Europe,BMW Z4 convertible 3.0i 2dr,Sports Car,RWD,41045,37575,3.0,6,225,21,21,2998,98,161,70,21.0
46,USA,North America,Buick Century Custom 4dr,Sedan,NA,22180,20351,3.1,6,175,20,20,3353,109,195,73,20.0
47,USA,North America,Buick LeSabre Custom 4dr,Sedan,NA,26470,24282,3.8,6,205,20,20,3567,112,200,74,20.0
48,USA,North America,Buick LeSabre Limited 4dr,Sedan,NA,32245,29566,3.8,6,205,20,20,3591,112,200,74,20.0
49,USA,North America,Buick Park Avenue 4dr,Sedan,NA,35545,32244,3.8,6,205,20,20,3778,114,207,75,20.0
50,USA,North America,Buick Park Avenue Ultra 4dr,Sedan,NA,40720,36927,3.8,6,240,18,18,3909,114,207,75,18.0
51,USA,North America,Buick Rainier,SUV,AWD,37895,34357,4.2,6,275,15,15,4600,113,193,75,15.0
52,USA,North America,Buick Regal GS 4dr,Sedan,NA,28345,26047,3.8,6,240,18,18,3536,109,196,73,18.0
53,USA,North America,Buick Regal LS 4dr,Sedan,NA,24895,22835,3.8,6,200,20,20,3461,109,196,73,20.0
54,USA,North America,Buick Rendezvous CX,SUV,NA,26545,24085,3.4,6,185,19,19,4024,112,187,74,19.0
55,USA,North America,Cadillac CTS VVT 4dr,Sedan,RWD,30835,28575,3.6,6,255,18,18,3694,113,190,71,18.0
56,USA,North America,Cadillac Deville 4dr,Sedan,NA,45445,41650,4.6,8,275,18,18,3984,115,207,74,18.0
57,USA,North America,Cadillac Deville DTS 4dr,Sedan,NA,50595,46362,4.6,8,300,18,18,4044,115,207,74,18.0
59,USA,North America,Cadillac Escaladet,SUV,NA,52795,48377,5.3,8,295,14,14,5367,116,199,79,14.0
60,USA,North America,Cadillac Seville SLS 4dr,Sedan,NA,47955,43841,4.6,8,275,18,18,3992,112,201,75,18.0
61,USA,North America,Cadillac SRX V8,SUV,NA,46995,43523,4.6,8,320,16,16,4302,116,195,73,16.0
62,USA,North America,Cadillac XLR convertible 2dr,Sports Car,RWD,76200,70546,4.6,8,320,17,17,3647,106,178,72,17.0
63,USA,North America,Chevrolet Astro,Minivan,AWD,26395,23954,4.3,6,190,14,14,4605,111,190,78,14.0
65,USA,North America,Chevrolet Aveo 4dr,Sedan,NA,11690,10965,1.6,4,103,28,28,2370,98,167,66,28.0
66,USA,North America,Chevrolet Aveo LS 4dr hatch,Sedan,NA,12585,11802,1.6,4,103,28,28,2348,98,153,66,28.0
67,USA,North America,Chevrolet Cavalier 2dr,Sedan,NA,14610,13697,2.2,4,140,26,26,2617,104,183,69,26.0
68,USA,North America,Chevrolet Cavalier 4dr,Sedan,NA,14810,13884,2.2,4,140,26,26,2676,104,183,68,26.0
69,USA,North America,Chevrolet Cavalier LS 2dr,Sedan,NA,16385,15357,2.2,4,140,26,26,2617,104,183,69,26.0
71,USA,North America,Chevrolet Corvette 2dr,Sports Car,RWD,44535,39068,5.7,8,350,18,18,3246,105,180,74,18.0
72,USA,North America,Chevrolet Corvette convertible 2dr,Sports Car,RWD,51535,45193,5.7,8,350,18,18,3248,105,180,74,18.0
73,USA,North America,Chevrolet Impala 4dr,Sedan,NA,21900,20095,3.4,6,180,21,21,3465,111,200,73,21.0
74,USA,North America,Chevrolet Impala LS 4dr,Sedan,NA,25000,22931,3.8,6,200,20,20,3476,111,200,73,20.0
75,USA,North America,Chevrolet Impala SS 4dr,Sedan,NA,27995,25672,3.8,6,240,18,18,3606,111,200,73,18.0
76,USA,North America,Chevrolet Malibu 4dr,Sedan,NA,18995,17434,2.2,4,145,24,24,3174,106,188,70,24.0
77,USA,North America,Chevrolet Malibu LS 4dr,Sedan,NA,20370,18639,3.5,6,200,22,22,3297,106,188,70,22.0
78,USA,North America,Chevrolet Malibu LT 4dr,Sedan,NA,23495,21551,3.5,6,200,23,23,3315,106,188,70,23.0
79,USA,North America,Chevrolet Malibu Maxx LS,Wagon,NA,22225,20394,3.5,6,200,22,22,3458,112,188,70,22.0
80,USA,North America,Chevrolet Monte Carlo LS 2dr,Sedan,NA,21825,20026,3.4,6,180,21,21,3340,111,198,73,21.0
81,USA,North America,Chevrolet Monte Carlo SS 2dr,Sedan,NA,24225,22222,3.8,6,200,18,18,3434,111,198,73,18.0
85,USA,North America,Chevrolet Suburban 1500 LT,SUV,NA,42735,37422,5.3,8,295,14,14,4947,130,219,79,14.0
86,USA,North America,Chevrolet Tahoe LT,SUV,AWD,41465,36287,5.3,8,295,14,14,5050,116,197,79,14.0
87,USA,North America,Chevrolet Tracker,SUV,NA,20255,19108,2.5,6,165,19,19,2866,98,163,67,19.0
88,USA,North America,Chevrolet TrailBlazer LT,SUV,NA,30295,27479,4.2,6,275,16,16,4425,113,192,75,16.0
89,USA,North America,Chevrolet Venture LS,Minivan,NA,27020,24518,3.4,6,185,19,19,3699,112,187,72,19.0
90,USA,North America,Chrysler PT Cruiser GT 4dr,Sedan,NA,25955,24172,2.4,4,220,21,21,3217,103,169,67,21.0
91,USA,North America,Chrysler 300M 4dr,Sedan,NA,29865,27797,3.5,6,250,18,18,3581,113,198,74,18.0
92,USA,North America,Chrysler 300M Special Edition 4dr,Sedan,NA,33295,30884,3.5,6,255,18,18,3650,113,198,74,18.0
93,USA,North America,Chrysler Concorde LX 4dr,Sedan,NA,24130,22452,2.7,6,200,21,21,3479,113,208,74,21.0
94,USA,North America,Chrysler Concorde LXi 4dr,Sedan,NA,26860,24909,3.5,6,232,19,19,3548,113,208,74,19.0
95,USA,North America,Chrysler Crossfire 2dr,Sports Car,RWD,34495,32033,3.2,6,215,17,17,3060,95,160,70,17.0
96,USA,North America,Chrysler Pacifica,Wagon,RWD,31230,28725,3.5,6,250,17,17,4675,116,199,79,17.0
97,USA,North America,Chrysler PT Cruiser 4dr,Sedan,NA,17985,16919,2.4,4,150,22,22,3101,103,169,67,22.0
98,USA,North America,Chrysler PT Cruiser Limited 4dr,Sedan,NA,22000,20573,2.4,4,150,22,22,3105,103,169,67,22.0
99,USA,North America,Chrysler Sebring 4dr,Sedan,NA,19090,17805,2.4,4,150,22,22,3173,108,191,71,22.0
100,USA,North America,Chrysler Sebring convertible 2dr,Sedan,NA,25215,23451,2.4,4,150,22,22,3357,106,194,64,22.0
101,USA,North America,Chrysler Sebring Limited convertible 2dr,Sedan,NA,30950,28613,2.7,6,200,21,21,3448,106,194,69,21.0
102,USA,North America,Chrysler Sebring Touring 4dr,Sedan,NA,21840,20284,2.7,6,200,21,21,3222,108,191,71,21.0
103,USA,North America,Chrysler Town and Country Limited,Minivan,NA,38380,35063,3.8,6,215,18,18,4331,119,201,79,18.0
104,USA,North America,Chrysler Town and Country LX,Minivan,NA,27490,25371,3.3,6,180,19,19,4068,119,201,79,19.0
105,USA,North America,GMC Yukon 1500 SLE,SUV,NA,35725,31361,4.8,8,285,16,16,5042,116,199,79,16.0
106,USA,North America,Dodge Caravan SE,Minivan,NA,21795,20508,2.4,4,150,20,20,3862,113,189,79,20.0
109,USA,North America,Dodge Durango SLT,SUV,AWD,32235,29472,4.7,8,230,15,15,4987,119,201,76,15.0
110,USA,North America,Dodge Grand Caravan SXT,Minivan,AWD,32660,29812,3.8,6,215,18,18,4440,119,201,79,18.0
111,USA,North America,Dodge Intrepid ES 4dr,Sedan,NA,24885,23058,3.5,6,232,18,18,3487,113,204,75,18.0
112,USA,North America,Dodge Intrepid SE 4dr,Sedan,NA,22035,20502,2.7,6,200,21,21,3469,113,204,75,21.0
113,USA,North America,Dodge Neon SE 4dr,Sedan,NA,13670,12849,2.0,4,132,29,29,2581,105,174,67,29.0
114,USA,North America,Dodge Neon SXT 4dr,Sedan,NA,15040,14086,2.0,4,132,29,29,2626,105,174,67,29.0
116,USA,North America,Dodge Stratus SE 4dr,Sedan,NA,20220,18821,2.4,4,150,21,21,3175,108,191,71,21.0
117,USA,North America,Dodge Stratus SXT 4dr,Sedan,NA,18820,17512,2.4,4,150,21,21,3182,108,191,71,21.0
119,USA,North America,Ford Crown Victoria 4dr,Sedan,RWD,24345,22856,4.6,8,224,17,17,4057,115,212,78,17.0
120,USA,North America,Ford Crown Victoria LX 4dr,Sedan,RWD,27370,25105,4.6,8,224,17,17,4057,115,212,78,17.0
121,USA,North America,Ford Crown Victoria LX Sport 4dr,Sedan,RWD,30315,27756,4.6,8,239,17,17,4057,115,212,78,17.0
122,USA,North America,Ford Escape XLS,SUV,AWD,22515,20907,3.0,6,201,18,18,3346,103,173,70,18.0
124,USA,North America,Ford Expedition 4.6 XLT,SUV,NA,34560,30468,4.6,8,232,15,15,5000,119,206,79,15.0
125,USA,North America,Ford Explorer XLT V6,SUV,AWD,29670,26983,4.0,6,210,15,15,4463,114,190,72,15.0
128,USA,North America,Ford Focus LX 4dr,Sedan,NA,13730,12906,2.0,4,110,27,27,2606,103,168,67,27.0
129,USA,North America,Ford Focus SE 4dr,Sedan,NA,15460,14496,2.0,4,130,26,26,2606,103,168,67,26.0
130,USA,North America,Ford Focus SVT 2dr,Sedan,NA,19135,17878,2.0,4,170,21,21,2750,103,168,67,21.0
131,USA,North America,Ford Focus ZTW,Wagon,NA,17475,16375,2.0,4,130,26,26,2702,103,178,67,26.0
132,USA,North America,Ford Focus ZX3 2dr hatch,Sedan,NA,13270,12482,2.0,4,130,26,26,2612,103,168,67,26.0
133,USA,North America,Ford Focus ZX5 5dr,Sedan,NA,15580,14607,2.0,4,130,26,26,2691,103,168,67,26.0
134,USA,North America,Ford Freestar SE,Minivan,NA,26930,24498,3.9,6,193,17,17,4275,121,201,77,17.0
135,USA,North America,Ford Mustang 2dr (convertible),Sports Car,RWD,18345,16943,3.8,6,193,20,20,3290,101,183,73,20.0
136,USA,North America,Ford Mustang GT Premium convertible 2dr,Sports Car,RWD,29380,26875,4.6,8,260,17,17,3347,101,183,73,17.0
138,USA,North America,Ford Taurus LX 4dr,Sedan,NA,20320,18881,3.0,6,155,20,20,3306,109,198,73,20.0
139,USA,North America,Ford Taurus SE,Wagon,NA,22290,20457,3.0,6,155,19,19,3497,109,198,73,19.0
140,USA,North America,Ford Taurus SES Duratec 4dr,Sedan,NA,22735,20857,3.0,6,201,19,19,3313,109,198,73,19.0
141,USA,North America,Ford Thunderbird Deluxe convert w/hardtop 2dr,Sports Car,NA,37530,34483,3.9,8,280,17,17,3780,107,186,72,17.0
143,USA,North America,GMC Envoy XUV SLE,SUV,NA,31890,28922,4.2,6,275,15,15,4945,129,208,75,15.0
144,USA,North America,GMC Safari SLE,Minivan,RWD,25640,23215,4.3,6,190,16,16,4309,111,190,78,16.0
148,USA,North America,GMC Yukon XL 2500 SLT,SUV,AWD,46265,40534,6.0,8,325,13,13,6133,130,219,79,13.0
149,JPN,Asia,Honda Accord EX 2dr,Sedan,NA,22260,20080,2.4,4,160,26,26,3047,105,188,71,26.0
150,JPN,Asia,Honda Accord EX V6 2dr,Sedan,NA,26960,24304,3.0,6,240,21,21,3294,105,188,71,21.0
151,JPN,Asia,Honda Accord LX 2dr,Sedan,NA,19860,17924,2.4,4,160,26,26,2994,105,188,71,26.0
152,JPN,Asia,Honda Accord LX V6 4dr,Sedan,NA,23760,21428,3.0,6,240,21,21,3349,108,190,72,21.0
153,JPN,Asia,Honda Civic DX 2dr,Sedan,NA,13270,12175,1.7,4,115,32,32,2432,103,175,67,32.0
154,JPN,Asia,Honda Civic EX 4dr,Sedan,NA,17750,16265,1.7,4,127,32,32,2601,103,175,68,32.0
155,JPN,Asia,Honda Civic HX 2dr,Sedan,NA,14170,12996,1.7,4,117,36,36,2500,103,175,67,36.0
156,JPN,Asia,Honda Civic Hybrid 4dr manual (gas/electric),Sedan,NA,20140,18451,1.4,4,93,46,46,2732,103,175,68,46.0
157,JPN,Asia,Honda Civic LX 4dr,Sedan,NA,15850,14531,1.7,4,115,32,32,2513,103,175,68,32.0
158,JPN,Asia,Honda Civic Si 2dr hatch,Sedan,NA,19490,17849,2.0,4,160,26,26,2782,101,166,67,26.0
159,JPN,Asia,Honda CR-V LX,SUV,AWD,19860,18419,2.4,4,160,21,21,3258,103,179,70,21.0
160,JPN,Asia,Honda Element LX,SUV,AWD,18690,17334,2.4,4,160,21,21,3468,101,167,72,21.0
161,JPN,Asia,Honda Insight 2dr (gas/electric),Sedan,NA,19110,17911,2.0,3,73,60,60,1850,95,155,67,60.0
162,JPN,Asia,Honda Odyssey EX,Minivan,NA,27450,24744,3.5,6,240,18,18,4365,118,201,76,18.0
163,JPN,Asia,Honda Odyssey LX,Minivan,NA,24950,22498,3.5,6,240,18,18,4310,118,201,76,18.0
164,JPN,Asia,Honda Pilot LX,SUV,AWD,27560,24843,3.5,6,240,17,17,4387,106,188,77,17.0
165,JPN,Asia,Honda S2000 convertible 2dr,Sports Car,RWD,33260,29965,2.2,4,240,20,20,2835,95,162,69,20.0
166,USA,North America,Hummer H2,SUV,AWD,49995,45815,6.0,8,316,10,10,6400,123,190,81,10.0
167,KOR,Asia,Hyundai Accent 2dr hatch,Sedan,NA,10539,10107,1.6,4,103,29,29,2255,96,167,66,29.0
168,KOR,Asia,Hyundai Accent GL 4dr,Sedan,NA,11839,11116,1.6,4,103,29,29,2290,96,167,66,29.0
169,KOR,Asia,Hyundai Accent GT 2dr hatch,Sedan,NA,11939,11209,1.6,4,103,29,29,2339,96,167,66,29.0
170,KOR,Asia,Hyundai Elantra GLS 4dr,Sedan,NA,13839,12781,2.0,4,138,26,26,2635,103,178,68,26.0
171,KOR,Asia,Hyundai Elantra GT 4dr,Sedan,NA,15389,14207,2.0,4,138,26,26,2635,103,178,68,26.0
172,KOR,Asia,Hyundai Elantra GT 4dr hatch,Sedan,NA,15389,14207,2.0,4,138,26,26,2698,103,178,68,26.0
173,KOR,Asia,Hyundai Santa Fe GLS,SUV,NA,21589,20201,2.7,6,173,20,20,3549,103,177,73,20.0
174,KOR,Asia,Hyundai Sonata GLS 4dr,Sedan,NA,19339,17574,2.7,6,170,19,19,3217,106,187,72,19.0
175,KOR,Asia,Hyundai Sonata LX 4dr,Sedan,NA,20339,18380,2.7,6,170,19,19,3217,106,187,72,19.0
176,KOR,Asia,Hyundai Tiburon GT V6 2dr,Sports Car,NA,18739,17101,2.7,6,172,19,19,3023,100,173,69,19.0
177,KOR,Asia,Hyundai XG350 4dr,Sedan,NA,24589,22055,3.5,6,194,17,17,3651,108,192,72,17.0
178,KOR,Asia,Hyundai XG350 L 4dr,Sedan,NA,26189,23486,3.5,6,194,17,17,3651,108,192,72,17.0
179,JPN,Asia,Infiniti FX35,Wagon,RWD,34895,31756,3.5,6,280,16,16,4056,112,189,76,16.0
180,JPN,Asia,Infiniti FX45,Wagon,AWD,36395,33121,4.5,8,315,15,15,4309,112,189,76,15.0
181,JPN,Asia,Infiniti G35 4dr,Sedan,RWD,28495,26157,3.5,6,260,18,18,3336,112,187,69,18.0
182,JPN,Asia,Infiniti G35 4dr,Sedan,AWD,32445,29783,3.5,6,260,18,18,3677,112,187,69,18.0
183,JPN,Asia,Infiniti G35 Sport Coupe 2dr,Sedan,RWD,29795,27536,3.5,6,280,18,18,3416,112,182,72,18.0
184,JPN,Asia,Infiniti I35 4dr,Sedan,NA,31145,28320,3.5,6,255,19,19,3306,108,194,70,19.0
185,JPN,Asia,Infiniti M45 4dr,Sedan,RWD,42845,38792,4.5,8,340,17,17,3851,110,197,70,17.0
186,JPN,Asia,Infiniti Q45 Luxury 4dr,Sedan,RWD,52545,47575,4.5,8,340,17,17,3977,113,200,73,17.0
187,JPN,Asia,Isuzu Ascender S,SUV,AWD,31849,29977,4.2,6,275,15,15,4967,129,208,76,15.0
188,JPN,Asia,Isuzu Rodeo S,SUV,NA,20449,19261,3.2,6,193,17,17,3836,106,178,70,17.0
189,UK,Europe,Jaguar S-Type 3.0 4dr,Sedan,RWD,43895,40004,3.0,6,235,18,18,3777,115,192,72,18.0
190,UK,Europe,Jaguar S-Type 4.2 4dr,Sedan,RWD,49995,45556,4.2,8,294,18,18,3874,115,192,72,18.0
191,UK,Europe,Jaguar S-Type R 4dr,Sedan,RWD,63120,57499,4.2,8,390,17,17,4046,115,192,72,17.0
192,UK,Europe,Jaguar Vanden Plas 4dr,Sedan,RWD,68995,62846,4.2,8,294,18,18,3803,119,200,73,18.0
193,UK,Europe,Jaguar XJ8 4dr,Sedan,RWD,59995,54656,4.2,8,294,18,18,3803,119,200,73,18.0
194,UK,Europe,Jaguar XJR 4dr,Sedan,RWD,74995,68306,4.2,8,390,17,17,3948,119,200,73,17.0
195,UK,Europe,Jaguar XK8 convertible 2dr,Sports Car,RWD,74995,68306,4.2,8,294,18,18,3980,102,187,71,18.0
196,UK,Europe,Jaguar XK8 coupe 2dr,Sports Car,RWD,69995,63756,4.2,8,294,18,18,3779,102,187,71,18.0
197,UK,Europe,Jaguar XKR convertible 2dr,Sports Car,RWD,86995,79226,4.2,8,390,16,16,4042,102,187,71,16.0
198,UK,Europe,Jaguar XKR coupe 2dr,Sports Car,RWD,81995,74676,4.2,8,390,16,16,3865,102,187,71,16.0
199,UK,Europe,Jaguar X-Type 2.5 4dr,Sedan,AWD,29995,27355,2.5,6,192,18,18,3428,107,184,70,18.0
200,UK,Europe,Jaguar X-Type 3.0 4dr,Sedan,AWD,33995,30995,3.0,6,227,18,18,3516,107,184,70,18.0
201,USA,North America,Jeep Grand Cherokee Laredo,SUV,NA,27905,25686,4.0,6,195,16,16,3790,106,181,72,16.0
202,USA,North America,Jeep Liberty Sport,SUV,AWD,20130,18973,2.4,4,150,20,20,3826,104,174,72,20.0
203,USA,North America,Jeep Wrangler Sahara convertible 2dr,SUV,AWD,25520,23275,4.0,6,190,16,16,3575,93,150,67,16.0
205,KOR,Asia,Kia Optima LX 4dr,Sedan,NA,16040,14910,2.4,4,138,23,23,3281,106,186,72,23.0
206,KOR,Asia,Kia Optima LX V6 4dr,Sedan,NA,18435,16850,2.7,6,170,20,20,3279,106,186,72,20.0
207,KOR,Asia,Kia Rio 4dr auto,Sedan,NA,11155,10705,1.6,4,104,25,25,2458,95,167,66,25.0
208,KOR,Asia,Kia Rio 4dr manual,Sedan,NA,10280,9875,1.6,4,104,26,26,2403,95,167,66,26.0
209,KOR,Asia,Kia Rio Cinco,Wagon,NA,11905,11410,1.6,4,104,26,26,2447,95,167,66,26.0
210,KOR,Asia,Kia Sedona LX,Minivan,NA,20615,19400,3.5,6,195,16,16,4802,115,194,75,16.0
211,KOR,Asia,Kia Sorento LX,SUV,NA,19635,18630,3.5,6,192,16,16,4112,107,180,73,16.0
212,KOR,Asia,Kia Spectra 4dr,Sedan,NA,12360,11630,1.8,4,124,24,24,2661,101,178,68,24.0
213,KOR,Asia,Kia Spectra GS 4dr hatch,Sedan,NA,13580,12830,1.8,4,124,24,24,2686,101,178,68,24.0
214,KOR,Asia,Kia Spectra GSX 4dr hatch,Sedan,NA,14630,13790,1.8,4,124,24,24,2697,101,178,68,24.0
215,UK,Europe,Land Rover Discovery SE,SUV,AWD,39250,35777,4.6,8,217,12,12,4576,100,185,74,12.0
216,UK,Europe,Land Rover Freelander SE,SUV,AWD,25995,23969,2.5,6,174,18,18,3577,101,175,71,18.0
217,UK,Europe,Land Rover Range Rover HSE,SUV,AWD,72250,65807,4.4,8,282,12,12,5379,113,195,76,12.0
218,JPN,Asia,Lexus ES 330 4dr,Sedan,NA,32350,28755,3.3,6,225,20,20,3460,107,191,71,20.0
219,JPN,Asia,Lexus GS 300 4dr,Sedan,RWD,41010,36196,3.0,6,220,18,18,3649,110,189,71,18.0
220,JPN,Asia,Lexus GS 430 4dr,Sedan,RWD,48450,42232,4.3,8,300,18,18,3715,110,189,71,18.0
221,JPN,Asia,Lexus GX 470,SUV,AWD,45700,39838,4.7,8,235,15,15,4740,110,188,74,15.0
222,JPN,Asia,Lexus IS 300 4dr auto,Sedan,RWD,32415,28611,3.0,6,215,18,18,3285,105,177,68,18.0
223,JPN,Asia,Lexus IS 300 4dr manual,Sedan,RWD,31045,27404,3.0,6,215,18,18,3255,105,177,68,18.0
224,JPN,Asia,Lexus IS 300 SportCross,Wagon,RWD,32455,28647,3.0,6,215,18,18,3410,105,177,68,18.0
225,JPN,Asia,Lexus LS 430 4dr,Sedan,RWD,55750,48583,4.3,8,290,18,18,3990,115,197,72,18.0
226,JPN,Asia,Lexus LX 470,SUV,AWD,64800,56455,4.7,8,235,13,13,5590,112,193,76,13.0
227,JPN,Asia,Lexus RX 330,SUV,AWD,39195,34576,3.3,6,230,18,18,4065,107,186,73,18.0
228,JPN,Asia,Lexus SC 430 convertible 2dr,Sports Car,RWD,63200,55063,4.3,8,300,18,18,3840,103,178,72,18.0
229,USA,North America,Lincoln Aviator Ultimate,SUV,NA,42915,39443,4.6,8,302,13,13,4834,114,193,76,13.0
230,USA,North America,Lincoln LS V6 Luxury 4dr,Sedan,RWD,32495,29969,3.0,6,232,20,20,3681,115,194,73,20.0
231,USA,North America,Lincoln LS V6 Premium 4dr,Sedan,RWD,36895,33929,3.0,6,232,20,20,3681,115,194,73,20.0
232,USA,North America,Lincoln LS V8 Sport 4dr,Sedan,RWD,40095,36809,3.9,8,280,17,17,3768,115,194,73,17.0
233,USA,North America,Lincoln LS V8 Ultimate 4dr,Sedan,RWD,43495,39869,3.9,8,280,17,17,3768,115,194,73,17.0
234,USA,North America,Lincoln Navigator Luxury,SUV,AWD,52775,46360,5.4,8,300,13,13,5969,119,206,80,13.0
235,USA,North America,Lincoln Town Car Signature 4dr,Sedan,RWD,41815,38418,4.6,8,239,17,17,4369,118,215,78,17.0
236,USA,North America,Lincoln Town Car Ultimate 4dr,Sedan,RWD,44925,41217,4.6,8,239,17,17,4369,118,215,78,17.0
237,USA,North America,Lincoln Town Car Ultimate L 4dr,Sedan,RWD,50470,46208,4.6,8,239,17,17,4474,124,221,78,17.0
240,JPN,Asia,Mazda MPV ES,Minivan,NA,28750,26600,3.0,6,200,18,18,3812,112,188,72,18.0
241,JPN,Asia,Mazda MX-5 Miata convertible 2dr,Sports Car,RWD,22388,20701,1.8,4,142,23,23,2387,89,156,66,23.0
242,JPN,Asia,Mazda MX-5 Miata LS convertible 2dr,Sports Car,RWD,25193,23285,1.8,4,142,23,23,2387,89,156,66,23.0
245,JPN,Asia,Mazda Tribute DX 2.0,SUV,AWD,21087,19742,2.0,4,130,22,22,3091,103,173,72,22.0
248,JPN,Asia,Mazda i 4dr,Sedan,NA,19270,17817,2.3,4,160,24,24,3042,105,187,70,24.0
249,GER,Europe,Mercedes-Benz C230 Sport 2dr,Sedan,RWD,26060,24249,1.8,4,189,22,22,3250,107,178,68,22.0
250,GER,Europe,Mercedes-Benz C240,Wagon,RWD,33780,31466,2.6,6,168,19,19,3470,107,179,68,19.0
251,GER,Europe,Mercedes-Benz C240 4dr,Sedan,RWD,32280,30071,2.6,6,168,20,20,3360,107,178,68,20.0
252,GER,Europe,Mercedes-Benz C240 4dr,Sedan,AWD,33480,31187,2.6,6,168,19,19,3360,107,178,68,19.0
253,GER,Europe,Mercedes-Benz C32 AMG 4dr,Sedan,RWD,52120,48522,3.2,6,349,16,16,3540,107,178,68,16.0
254,GER,Europe,Mercedes-Benz C320 4dr,Sedan,RWD,37630,35046,3.2,6,215,20,20,3450,107,178,68,20.0
256,GER,Europe,Mercedes-Benz C320 Sport 2dr,Sedan,RWD,28370,26435,3.2,6,215,19,19,3430,107,178,68,19.0
257,GER,Europe,Mercedes-Benz C320 Sport 4dr,Sedan,RWD,35920,33456,3.2,6,215,19,19,3430,107,178,68,19.0
258,GER,Europe,Mercedes-Benz CL500 2dr,Sedan,RWD,94820,88324,5.0,8,302,16,16,4085,114,196,73,16.0
259,GER,Europe,Mercedes-Benz CL600 2dr,Sedan,RWD,128420,119600,5.5,12,493,13,13,4473,114,196,73,13.0
260,GER,Europe,Mercedes-Benz CLK320 coupe 2dr (convertible),Sedan,RWD,45707,41966,3.2,6,215,20,20,3770,107,183,69,20.0
261,GER,Europe,Mercedes-Benz CLK500 coupe 2dr (convertible),Sedan,RWD,52800,49104,5.0,8,302,17,17,3585,107,183,69,17.0
262,GER,Europe,Mercedes-Benz E320,Wagon,RWD,50670,47174,3.2,6,221,19,19,3966,112,190,71,19.0
263,GER,Europe,Mercedes-Benz E320 4dr,Sedan,RWD,48170,44849,3.2,6,221,19,19,3635,112,190,71,19.0
264,GER,Europe,Mercedes-Benz E500,Wagon,AWD,60670,56474,5.0,8,302,16,16,4230,112,190,71,16.0
265,GER,Europe,Mercedes-Benz E500 4dr,Sedan,RWD,57270,53382,5.0,8,302,16,16,3815,112,190,71,16.0
266,GER,Europe,Mercedes-Benz G500,SUV,AWD,76870,71540,5.0,8,292,13,13,5423,112,186,71,13.0
267,GER,Europe,Mercedes-Benz ML500,SUV,AWD,46470,43268,5.0,8,288,14,14,4874,111,183,72,14.0
268,GER,Europe,Mercedes-Benz S430 4dr,Sedan,RWD,74320,69168,4.3,8,275,18,18,4160,122,203,73,18.0
269,GER,Europe,Mercedes-Benz S500 4dr,Sedan,AWD,86970,80939,5.0,8,302,16,16,4390,122,203,73,16.0
270,GER,Europe,Mercedes-Benz SL500 convertible 2dr,Sports Car,RWD,90520,84325,5.0,8,302,16,16,4065,101,179,72,16.0
271,GER,Europe,Mercedes-Benz SL55 AMG 2dr,Sports Car,RWD,121770,113388,5.5,8,493,14,14,4235,101,179,72,14.0
272,GER,Europe,Mercedes-Benz SL600 convertible 2dr,Sports Car,RWD,126670,117854,5.5,12,493,13,13,4429,101,179,72,13.0
273,GER,Europe,Mercedes-Benz SLK230 convertible 2dr,Sports Car,RWD,40320,37548,2.3,4,192,21,21,3055,95,158,68,21.0
274,GER,Europe,Mercedes-Benz SLK32 AMG 2dr,Sports Car,RWD,56170,52289,3.2,6,349,17,17,3220,95,158,68,17.0
275,USA,North America,Mercury Grand Marquis GS 4dr,Sedan,RWD,24695,23217,4.6,8,224,17,17,4052,115,212,78,17.0
276,USA,North America,Mercury Grand Marquis LS Premium 4dr,Sedan,RWD,29595,27148,4.6,8,224,17,17,4052,115,212,78,17.0
277,USA,North America,Mercury Grand Marquis LS Ultimate 4dr,Sedan,RWD,30895,28318,4.6,8,224,17,17,4052,115,212,78,17.0
278,USA,North America,Mercury Marauder 4dr,Sedan,RWD,34495,31558,4.6,8,302,17,17,4195,115,212,78,17.0
279,USA,North America,Mercury Monterey Luxury,Minivan,NA,33995,30846,4.2,6,201,16,16,4340,121,202,77,16.0
280,USA,North America,Mercury Mountaineer,SUV,NA,29995,27317,4.0,6,210,16,16,4374,114,190,72,16.0
281,USA,North America,Mercury Sable GS,Wagon,NA,22595,20748,3.0,6,155,19,19,3488,109,198,73,19.0
282,USA,North America,Mercury Sable GS 4dr,Sedan,NA,21595,19848,3.0,6,155,20,20,3308,109,200,73,20.0
283,USA,North America,Mercury Sable LS Premium 4dr,Sedan,NA,23895,21918,3.0,6,201,19,19,3315,109,200,73,19.0
284,GER,Europe,Mini Cooper,Sedan,NA,16999,15437,1.6,4,115,28,28,2524,97,143,67,28.0
285,GER,Europe,Mini Cooper S,Sedan,NA,19999,18137,1.6,4,163,25,25,2678,97,144,67,25.0
286,JPN,Asia,Mitsubishi Diamante LS 4dr,Sedan,NA,29282,27250,3.5,6,205,18,18,3549,107,194,70,18.0
287,JPN,Asia,Mitsubishi Eclipse GTS 2dr,Sports Car,NA,25092,23456,3.0,6,210,21,21,3241,101,177,69,21.0
288,JPN,Asia,Mitsubishi Eclipse Spyder GT convertible 2dr,Sports Car,NA,26992,25218,3.0,6,210,21,21,3296,101,177,69,21.0
289,JPN,Asia,Mitsubishi Endeavor XLS,SUV,AWD,30492,28330,3.8,6,215,17,17,4134,109,190,74,17.0
291,JPN,Asia,Mitsubishi Galant GTS 4dr,Sedan,NA,25700,23883,3.8,6,230,18,18,3649,108,191,72,18.0
293,JPN,Asia,Mitsubishi Lancer Evolution 4dr,Sports Car,NA,29562,27466,2.0,4,271,18,18,3263,103,179,70,18.0
297,JPN,Asia,Mitsubishi Montero XLS,SUV,AWD,33112,30763,3.8,6,215,15,15,4718,110,190,75,15.0
298,JPN,Asia,Mitsubishi Outlander LS,SUV,NA,18892,17569,2.4,4,160,21,21,3240,103,179,69,21.0
299,JPN,Asia,Nissan 350Z coupe 2dr,Sports Car,RWD,26910,25203,3.5,6,287,20,20,3188,104,169,72,20.0
300,JPN,Asia,Nissan 350Z Enthusiast convertible 2dr,Sports Car,RWD,34390,31845,3.5,6,287,20,20,3428,104,169,72,20.0
301,JPN,Asia,Nissan Altima S 4dr,Sedan,NA,19240,18030,2.5,4,175,21,21,3039,110,192,70,21.0
302,JPN,Asia,Nissan Altima SE 4dr,Sedan,NA,23290,21580,3.5,6,245,21,21,3197,110,192,70,21.0
304,JPN,Asia,Nissan Maxima SE 4dr,Sedan,NA,27490,25182,3.5,6,265,20,20,3473,111,194,72,20.0
305,JPN,Asia,Nissan Maxima SL 4dr,Sedan,NA,29440,26966,3.5,6,265,20,20,3476,111,194,72,20.0
306,JPN,Asia,Nissan Murano SL,Wagon,RWD,28739,27300,3.5,6,245,20,20,3801,111,188,74,20.0
307,JPN,Asia,Nissan Pathfinder Armada SE,SUV,NA,33840,30815,5.6,8,305,13,13,5013,123,207,79,13.0
308,JPN,Asia,Nissan Pathfinder SE,SUV,NA,27339,25972,3.5,6,240,16,16,3871,106,183,72,16.0
309,JPN,Asia,Nissan Quest S,Minivan,NA,24780,22958,3.5,6,240,19,19,4012,124,204,78,19.0
310,JPN,Asia,Nissan Quest SE,Minivan,NA,32780,30019,3.5,6,240,18,18,4175,124,204,78,18.0
311,JPN,Asia,Nissan Sentra 1.8 4dr,Sedan,NA,12740,12205,1.8,4,126,28,28,2513,100,178,67,28.0
312,JPN,Asia,Nissan Sentra 1.8 S 4dr,Sedan,NA,14740,13747,1.8,4,126,28,28,2581,100,178,67,28.0
313,JPN,Asia,Nissan Sentra SE-R 4dr,Sedan,NA,17640,16444,2.5,4,165,23,23,2761,100,178,67,23.0
315,JPN,Asia,Nissan Xterra XE V6,SUV,NA,20939,19512,3.3,6,180,17,17,3760,104,178,70,17.0
316,USA,North America,Oldsmobile Alero GLS 2dr,Sedan,NA,23675,21485,3.4,6,170,20,20,3085,107,187,70,20.0
317,USA,North America,Oldsmobile Alero GX 2dr,Sedan,NA,18825,17642,2.2,4,140,24,24,2946,107,187,70,24.0
318,USA,North America,Oldsmobile Silhouette GL,Minivan,NA,28790,26120,3.4,6,185,19,19,3948,120,201,72,19.0
319,USA,North America,Pontiac Aztekt,SUV,NA,21595,19810,3.4,6,185,19,19,3779,108,182,74,19.0
321,USA,North America,Pontiac Grand Am GT 2dr,Sedan,NA,22450,20595,3.4,6,175,20,20,3118,107,186,70,20.0
322,USA,North America,Pontiac Grand Prix GT1 4dr,Sedan,NA,22395,20545,3.8,6,200,20,20,3477,111,198,74,20.0
323,USA,North America,Pontiac Grand Prix GT2 4dr,Sedan,NA,24295,22284,3.8,6,200,20,20,3484,111,198,74,20.0
325,USA,North America,Pontiac Montana,Minivan,NA,23845,21644,3.4,6,185,19,19,3803,112,187,72,19.0
326,USA,North America,Pontiac Montana EWB,Minivan,AWD,31370,28454,3.4,6,185,18,18,4431,121,201,72,18.0
327,USA,North America,Pontiac Sunfire 1SA 2dr,Sedan,NA,15495,14375,2.2,4,140,24,24,2771,104,182,68,24.0
328,USA,North America,Pontiac Sunfire 1SC 2dr,Sedan,NA,17735,16369,2.2,4,140,24,24,2771,104,182,68,24.0
329,USA,North America,Pontiac Vibe,Wagon,RWD,17045,15973,1.8,4,130,29,29,2701,102,172,70,29.0
330,GER,Europe,Porsche 911 Carrera 4S coupe 2dr (convert),Sports Car,AWD,84165,72206,3.6,6,315,17,17,3240,93,175,72,17.0
331,GER,Europe,Porsche 911 Carrera convertible 2dr (coupe),Sports Car,RWD,79165,69229,3.6,6,315,18,18,3135,93,175,70,18.0
332,GER,Europe,Porsche 911 GT2 2dr,Sports Car,RWD,192465,173560,3.6,6,477,17,17,3131,93,175,72,17.0
333,GER,Europe,Porsche 911 Targa coupe 2dr,Sports Car,RWD,76765,67128,3.6,6,315,18,18,3119,93,175,70,18.0
334,GER,Europe,Porsche Boxster convertible 2dr,Sports Car,RWD,43365,37886,2.7,6,228,20,20,2811,95,170,70,20.0
335,GER,Europe,Porsche Boxster S convertible 2dr,Sports Car,RWD,52365,45766,3.2,6,258,18,18,2911,95,170,70,18.0
336,GER,Europe,Porsche Cayenne S,SUV,AWD,56665,49865,4.5,8,340,14,14,4950,112,188,76,14.0
337,SWD,Europe,Saab 9-3 Aero 4dr,Sedan,NA,33360,31562,2.0,4,210,20,20,3175,105,183,69,20.0
338,SWD,Europe,Saab 9-3 Aero convertible 2dr,Sedan,NA,43175,40883,2.0,4,210,21,21,3700,105,182,69,21.0
339,SWD,Europe,Saab 9-3 Arc convertible 2dr,Sedan,NA,40670,38520,2.0,4,210,21,21,3480,105,182,69,21.0
340,SWD,Europe,Saab 9-3 Arc Sport 4dr,Sedan,NA,30860,29269,2.0,4,210,20,20,3175,105,183,69,20.0
341,SWD,Europe,Saab 9-5 Aero,Wagon,NA,40845,38376,2.3,4,250,19,19,3620,106,190,71,19.0
342,SWD,Europe,Saab 9-5 Aero 4dr,Sedan,NA,39465,37721,2.3,4,250,21,21,3470,106,190,71,21.0
343,SWD,Europe,Saab 9-5 Arc 4dr,Sedan,NA,35105,33011,2.3,4,220,21,21,3470,106,190,71,21.0
344,USA,North America,Saturn Ion1 4dr,Sedan,NA,10995,10319,2.2,4,140,26,26,2692,103,185,67,26.0
345,USA,North America,Saturn L300 2,Wagon,NA,23560,21779,2.2,4,140,24,24,3109,107,190,69,24.0
346,USA,North America,Saturn L300-2 4dr,Sedan,NA,21410,19801,3.0,6,182,20,20,3197,107,190,69,20.0
347,USA,North America,Saturn lon2 4dr,Sedan,NA,14300,13393,2.2,4,140,26,26,2692,103,185,67,26.0
348,USA,North America,Saturn lon2 quad coupe 2dr,Sedan,NA,14850,13904,2.2,4,140,26,26,2751,103,185,68,26.0
349,USA,North America,Saturn lon3 4dr,Sedan,NA,15825,14811,2.2,4,140,26,26,2692,103,185,67,26.0
350,USA,North America,Saturn lon3 quad coupe 2dr,Sedan,NA,16350,15299,2.2,4,140,26,26,2751,103,185,68,26.0
351,USA,North America,Saturn VUE,SUV,AWD,20585,19238,2.2,4,143,21,21,3381,107,181,72,21.0
352,JPN,Asia,Scion xA 4dr hatch,Sedan,NA,12965,12340,1.5,4,108,32,32,2340,93,154,67,32.0
353,JPN,Asia,Scion xB,Wagon,NA,14165,13480,1.5,4,108,31,31,2425,98,155,67,31.0
355,JPN,Asia,Subaru Forester X,Wagon,AWD,21445,19646,2.5,4,165,21,21,3090,99,175,68,21.0
356,JPN,Asia,Subaru Impreza 2.5 RS 4dr,Sedan,AWD,19945,18399,2.5,4,165,22,22,2965,99,174,69,22.0
357,JPN,Asia,Subaru Impreza WRX 4dr,Sports Car,AWD,25045,23022,2.0,4,227,20,20,3085,99,174,69,20.0
358,JPN,Asia,Subaru Impreza WRX STi 4dr,Sports Car,AWD,31545,29130,2.5,4,300,18,18,3263,100,174,69,18.0
359,JPN,Asia,Subaru Legacy GT 4dr,Sedan,AWD,25645,23336,2.5,4,165,21,21,3395,104,184,69,21.0
360,JPN,Asia,Subaru Legacy L 4dr,Sedan,AWD,20445,18713,2.5,4,165,21,21,3285,104,184,69,21.0
361,JPN,Asia,Subaru Outback,Wagon,AWD,23895,21773,2.5,4,165,21,21,3430,104,187,69,21.0
362,JPN,Asia,Subaru Outback H6 4dr,Sedan,AWD,29345,26660,3.0,6,212,19,19,3610,104,184,69,19.0
363,JPN,Asia,Subaru Outback H-6 VDC 4dr,Sedan,AWD,31545,28603,3.0,6,212,19,19,3630,104,184,69,19.0
364,JPN,Asia,Subaru Outback Limited Sedan 4dr,Sedan,AWD,27145,24687,2.5,4,165,20,20,3495,104,184,69,20.0
365,JPN,Asia,Suzuki Aeno S 4dr,Sedan,NA,12884,12719,2.3,4,155,25,25,2676,98,171,68,25.0
366,JPN,Asia,Suzuki Aerio LX 4dr,Sedan,NA,14500,14317,2.3,4,155,25,25,2676,98,171,68,25.0
367,JPN,Asia,Suzuki Aerio SX,Wagon,AWD,16497,16291,2.3,4,155,24,24,2932,98,167,68,24.0
368,JPN,Asia,Suzuki Forenza EX 4dr,Sedan,NA,15568,15378,2.0,4,119,22,22,2756,102,177,68,22.0
369,JPN,Asia,Suzuki Forenza S 4dr,Sedan,NA,12269,12116,2.0,4,119,24,24,2701,102,177,68,24.0
370,JPN,Asia,Suzuki Verona LX 4dr,Sedan,NA,17262,17053,2.5,6,155,20,20,3380,106,188,72,20.0
371,JPN,Asia,Suzuki Vitara LX,SUV,AWD,17163,16949,2.5,6,165,19,19,3020,98,163,67,19.0
372,JPN,Asia,Suzuki XL-7 EX,SUV,NA,23699,22307,2.7,6,185,18,18,3682,110,187,70,18.0
373,JPN,Asia,Toyota 4Runner SR5 V6,SUV,NA,27710,24801,4.0,6,245,18,18,4035,110,189,74,18.0
374,JPN,Asia,Toyota Avalon XL 4dr,Sedan,NA,26560,23693,3.0,6,210,21,21,3417,107,192,72,21.0
375,JPN,Asia,Toyota Avalon XLS 4dr,Sedan,NA,30920,27271,3.0,6,210,21,21,3439,107,192,72,21.0
376,JPN,Asia,Toyota Camry LE 4dr,Sedan,NA,19560,17558,2.4,4,157,24,24,3086,107,189,71,24.0
377,JPN,Asia,Toyota Camry LE V6 4dr,Sedan,NA,22775,20325,3.0,6,210,21,21,3296,107,189,71,21.0
378,JPN,Asia,Toyota Camry Solara SE 2dr,Sedan,NA,19635,17722,2.4,4,157,24,24,3175,107,193,72,24.0
379,JPN,Asia,Toyota Camry Solara SE V6 2dr,Sedan,NA,21965,19819,3.3,6,225,20,20,3417,107,193,72,20.0
380,JPN,Asia,Toyota Camry Solara SLE V6 2dr,Sedan,NA,26510,23908,3.3,6,225,20,20,3439,107,193,72,20.0
381,JPN,Asia,Toyota Camry XLE V6 4dr,Sedan,NA,25920,23125,3.0,6,210,21,21,3362,107,189,71,21.0
382,JPN,Asia,Toyota Celica GT-S 2dr,Sports Car,NA,22570,20363,1.8,4,180,24,24,2500,102,171,68,24.0
383,JPN,Asia,Toyota Corolla CE 4dr,Sedan,NA,14085,13065,1.8,4,130,32,32,2502,102,178,67,32.0
384,JPN,Asia,Toyota Corolla LE 4dr,Sedan,NA,15295,13889,1.8,4,130,32,32,2524,102,178,67,32.0
385,JPN,Asia,Toyota Corolla S 4dr,Sedan,NA,15030,13650,1.8,4,130,32,32,2524,102,178,67,32.0
386,JPN,Asia,Toyota Echo 2dr auto,Sedan,NA,11560,10896,1.5,4,108,33,33,2085,93,163,65,33.0
387,JPN,Asia,Toyota Echo 2dr manual,Sedan,NA,10760,10144,1.5,4,108,35,35,2035,93,163,65,35.0
388,JPN,Asia,Toyota Echo 4dr,Sedan,NA,11290,10642,1.5,4,108,35,35,2055,93,163,65,35.0
389,JPN,Asia,Toyota Highlander V6,SUV,AWD,27930,24915,3.3,6,230,18,18,3935,107,185,72,18.0
390,JPN,Asia,Toyota Land Cruiser,SUV,AWD,54765,47986,4.7,8,325,13,13,5390,112,193,76,13.0
391,JPN,Asia,Toyota Matrix XR,Wagon,NA,16695,15156,1.8,4,130,29,29,2679,102,171,70,29.0
392,JPN,Asia,Toyota MR2 Spyder convertible 2dr,Sports Car,RWD,25130,22787,1.8,4,138,26,26,2195,97,153,67,26.0
393,JPN,Asia,Toyota Prius 4dr (gas/electric),Sedan,NA,20510,18926,1.5,4,110,59,59,2890,106,175,68,59.0
394,JPN,Asia,Toyota RAV4,SUV,AWD,20290,18553,2.4,4,161,22,22,3119,98,167,68,22.0
395,JPN,Asia,Toyota Sequoia SR5,SUV,AWD,35695,31827,4.7,8,240,14,14,5270,118,204,78,14.0
396,JPN,Asia,Toyota Sienna CE,Minivan,NA,23495,21198,3.3,6,230,19,19,4120,119,200,77,19.0
397,JPN,Asia,Toyota Sienna XLE Limited,Minivan,NA,28800,25690,3.3,6,230,19,19,4165,119,200,77,19.0
401,GER,Europe,Volkswagen Golf GLS 4dr,Sedan,NA,18715,17478,2.0,4,115,24,24,2897,99,165,68,24.0
402,GER,Europe,Volkswagen GTI 1.8T 2dr hatch,Sedan,NA,19825,18109,1.8,4,180,24,24,2934,99,168,68,24.0
403,GER,Europe,Volkswagen Jetta GL,Wagon,NA,19005,17427,2.0,4,115,24,24,3034,99,174,68,24.0
404,GER,Europe,Volkswagen Jetta GLI VR6 4dr,Sedan,NA,23785,21686,2.8,6,200,21,21,3179,99,172,68,21.0
405,GER,Europe,Volkswagen Jetta GLS TDI 4dr,Sedan,NA,21055,19638,1.9,4,100,38,38,3003,99,172,68,38.0
406,GER,Europe,Volkswagen New Beetle GLS 1.8T 2dr,Sedan,NA,21055,19638,1.8,4,150,24,24,2820,99,161,68,24.0
407,GER,Europe,Volkswagen New Beetle GLS convertible 2dr,Sedan,NA,23215,21689,2.0,4,115,24,24,3082,99,161,68,24.0
408,GER,Europe,Volkswagen Passat GLS 1.8T,Wagon,NA,24955,22801,1.8,4,170,22,22,3338,106,184,69,22.0
409,GER,Europe,Volkswagen Passat GLS 4dr,Sedan,NA,23955,21898,1.8,4,170,22,22,3241,106,185,69,22.0
410,GER,Europe,Volkswagen Passat GLX V6 4MOTION 4dr,Sedan,NA,33180,30583,2.8,6,190,19,19,3721,106,185,69,19.0
411,GER,Europe,Volkswagen Passat W8,Wagon,NA,40235,36956,4.0,8,270,18,18,4067,106,184,69,18.0
412,GER,Europe,Volkswagen Passat W8 4MOTION 4dr,Sedan,NA,39235,36052,4.0,8,270,18,18,3953,106,185,69,18.0
415,GER,Europe,Volkswagen Touareg V6,SUV,AWD,35515,32243,3.2,6,220,15,15,5086,112,187,76,15.0
416,SWD,Europe,Volvo C70 HPT convertible 2dr,Sedan,NA,42565,40083,2.3,5,242,20,20,3450,105,186,72,20.0
417,SWD,Europe,Volvo C70 LPT convertible 2dr,Sedan,NA,40565,38203,2.4,5,197,21,21,3450,105,186,72,21.0
418,SWD,Europe,Volvo S40 4dr,Sedan,NA,25135,23701,1.9,4,170,22,22,2767,101,178,68,22.0
419,SWD,Europe,Volvo S60 2.5 4dr,Sedan,AWD,31745,29916,2.5,5,208,20,20,3903,107,180,71,20.0
420,SWD,Europe,Volvo S60 R 4dr,Sedan,AWD,37560,35382,2.5,5,300,18,18,3571,107,181,71,18.0
421,SWD,Europe,Volvo S60 T5 4dr,Sedan,NA,34845,32902,2.3,5,247,20,20,3766,107,180,71,20.0
422,SWD,Europe,Volvo S80 2.5T 4dr,Sedan,AWD,37885,35688,2.5,5,194,20,20,3691,110,190,72,20.0
423,SWD,Europe,Volvo S80 2.9 4dr,Sedan,NA,37730,35542,2.9,6,208,20,20,3576,110,190,72,20.0
424,SWD,Europe,Volvo S80 T6 4dr,Sedan,NA,45210,42573,2.9,6,268,19,19,3653,110,190,72,19.0
425,SWD,Europe,Volvo V40,Wagon,NA,26135,24641,1.9,4,170,22,22,2822,101,180,68,22.0
426,SWD,Europe,Volvo XC70,Wagon,AWD,35145,33112,2.5,5,208,20,20,3823,109,186,73,20.0
427,SWD,Europe,Volvo XC90 T6,SUV,AWD,41250,38851,2.9,6,268,15,15,4638,113,189,75,15.0
